amplicon,chromosome,start,end,amplicon_name,forward,reverse
PvP01_11_v2_1153666_1153850_296123,PvP01_11_v2,1153666,1153850,296123,/rhSeq-f/ATG TGA CGT CTC TCC ACC rCCC CT/GT2/,/rhSeq-r/CTA CAT CCA NCA TAC TCT GCrA GGT A/GT1/
PvP01_12_v2_324220_324242_322153,PvP01_12_v2,324220,324242,322153,/rhSeq-f/CTG GTG AAG GTG AAG GAA AAT GAA ArCT ATT /GT3/,/rhSeq-r/CCA TCT ATG TTT TCC GTT TTC TGC rGTC TT/GT3/
PvP01_11_v2_75770_75798_274564,PvP01_11_v2,75770,75798,274564,/rhSeq-f/CCA ATT TAT GGT AGA GGA TTA GTA TCrA CTT G/GT3/,/rhSeq-r/CTT TAC TAA TTT CAG TTA TGT ATA ATG CCrC ATT G/GT1/
PvP01_01_v2_612225_612348_12243,PvP01_01_v2,612225,612348,12243,/rhSeq-f/ACC TGG AAA CTC CCT TGT TrGC AAT /GT2/,/rhSeq-r/ATA CGA ATT CGC ATC AGA CGrG AGA G/GT4/
PvP01_01_v2_483735_483883_9674,PvP01_01_v2,483735,483883,9674,/rhSeq-f/TCC AAA CTN AGC TCC TTG ATrG TTG T/GT3/,/rhSeq-r/CAA CTT TGG CAT CCT CTA TAA CArC GGA T/GT1/
PvP01_04_v2_500160_500273_67489,PvP01_04_v2,500160,500273,67489,/rhSeq-f/CAT GAG GTA GTA GCT CTT CGA rCGA GT/GT1/,/rhSeq-r/GCT TCC CCA TGG AGG GrCC TCC /GT3/
PvP01_08_v2_1468975_1469148_191493,PvP01_08_v2,1468975,1469148,191493,/rhSeq-f/GAG ATC ACC AGA CCA CAG rGAG CA/GT2/,/rhSeq-r/CTG CAT TCA TGT CNT TCG AAA ArAT TGT /GT1/
PvP01_10_v2_1271498_1271644_267505,PvP01_10_v2,1271498,1271644,267505,/rhSeq-f/GCT AAT GTC TCT ACT AAC GTC TCT rACT AA/GT3/,/rhSeq-r/CAC GCA GGA GGC AAA NTA TrCA TTT /GT2/
PvP01_07_v2_1218911_1219036_153449,PvP01_07_v2,1218911,1219036,153449,/rhSeq-f/GAG ATT TTG CTG AAG TAC TAT AAG GrCA CGA /GT2/,/rhSeq-r/GAT AAT TTC CTT CAG CTC TGT CAA rGAC GT/GT2/
PvP01_09_v2_2150871_2150956_240353,PvP01_09_v2,2150871,2150956,240353,/rhSeq-f/CTT CTG AAT TTT TCA TAA ATT CAT CCC rATT GC/GT1/,/rhSeq-r/GAG ATG GTT TAC CTT CAC TTC TrCA ACC /GT4/
PvP01_02_v2_660463_660614_33640,PvP01_02_v2,660463,660614,33640,/rhSeq-f/GCA GCG CAT GGA AAG TAT TGrC TAG A/GT3/,/rhSeq-r/TGA TCC ACT GCC TTT TGG TAG rCAT TC/GT3/
PvP01_10_v2_203316_203481_246142,PvP01_10_v2,203316,203481,246142,/rhSeq-f/GCT CAC TTG GTT TCT TTT TAC CArG AAT G/GT2/,/rhSeq-r/AGG AAA GCA ACA GGG CAT rCCN AA/GT4/
PvP01_12_v2_671183_671280_329094,PvP01_12_v2,671183,671280,329094,/rhSeq-f/AGT GGA ATT TGT AAA AAT ATT AAG TAT GArA GTA C/GT1/,/rhSeq-r/CTA TCA AAC ATG TCA ACG ACT GAA GrGA GAT /GT4/
PvP01_07_v2_697428_697579_143020,PvP01_07_v2,697428,697579,143020,/rhSeq-f/CTC ACT CAT GGA TGG GTA CAT AGrA AAA C/GT4/,/rhSeq-r/GGG AAC CAC ATT TAC AGA TTA TCA ArAT GAG /GT2/
PvP01_09_v2_842507_842645_214187,PvP01_09_v2,842507,842645,214187,/rhSeq-f/TAA CCT CTT CAG CAT GAG AGT rCAT CG/GT4/,/rhSeq-r/CCA ATC GAA AGG TTG GCC ArCT TTA /GT4/
PvP01_09_v2_756312_756407_212462,PvP01_09_v2,756312,756407,212462,/rhSeq-f/CAT GCC CAC GCA GGT ArCA CTC /GT4/,/rhSeq-r/CAC TCT CTN CAT GGG ATA ACT rAAA AC/GT2/
PvP01_09_v2_1165616_1165689_220647,PvP01_09_v2,1165616,1165689,220647,/rhSeq-f/TTT GCC TCC CTA CTT GAA rGTA CG/GT2/,/rhSeq-r/CGA CAT TAA CCT GAA CAC CTrG GTC A/GT4/
PvP01_14_v2_1546237_1546249_452117,PvP01_14_v2,1546237,1546249,452117,/rhSeq-f/ATT GGG AAA CAG GAG AAA TGT TTA TrGG GTA /GT1/,/rhSeq-r/TAA GTC GTA ACC ATC AGG TAG TTT TrAT GAA /GT1/
PvP01_04_v2_361787_361899_64721,PvP01_04_v2,361787,361899,64721,/rhSeq-f/GAC CAA AGA GGA GAA AAC GArA AAA C/GT4/,/rhSeq-r/TCC TCT TTC ACC TGC TCG rCAT GT/GT3/
PvP01_05_v2_776828_776973_93261,PvP01_05_v2,776828,776973,93261,/rhSeq-f/ATG AGA TTC ACA CTG TAG TCG GrGG CAG /GT2/,/rhSeq-r/CCT CGT ATC GTT CCT TNA GTC rCTC TT/GT4/
PvP01_13_v2_1197713_1197831_403278,PvP01_13_v2,1197713,1197831,403278,/rhSeq-f/GCC GAC TAT CGC ACT TTT rGTT CT/GT2/,/rhSeq-r/TTG CAG AAG GAT GCT CTG ArAT GAG /GT4/
PvP01_13_v2_1762261_1762355_414570,PvP01_13_v2,1762261,1762355,414570,/rhSeq-f/GTT TGA TAA ACT CTT TGG GCA TAC ArGA ACT /GT1/,/rhSeq-r/CAT TTT CTG GTC GTC AAT TTT TGG rCAA CA/GT1/
PvP01_07_v2_496520_496613_139001,PvP01_07_v2,496520,496613,139001,/rhSeq-f/AGA ATG TGT CGG ATT TTC GAT TAG rGAC TC/GT1/,/rhSeq-r/ACA ACC GCA TGT ACA ATC TTT TrGA AGG /GT4/
PvP01_09_v2_264626_264698_202627,PvP01_09_v2,264626,264698,202627,/rhSeq-f/GTT TGA GGA AAA TCT CGA AAG AAG AArC TAG C/GT3/,/rhSeq-r/TTG CTT ATC TCA GCA CTG CTT TrGG TCA /GT3/
PvP01_10_v2_254364_254412_247163,PvP01_10_v2,254364,254412,247163,/rhSeq-f/GTT TTA CCA GAA TAT GTG GAG CAT rGAA AG/GT4/,/rhSeq-r/GCG TAT AGG ATC TGA ATA GTC ATC GrAT TAG /GT4/
PvP01_05_v2_290396_290532_83532,PvP01_05_v2,290396,290532,83532,/rhSeq-f/GTG CTC GTT CTT ATT AAT CGG ATrG CAA A/GT4/,/rhSeq-r/AGC AAA GAG GAG AAA GTG AGrC GGA G/GT2/
PvP01_MIT_v2_2930_3141_MIT_Species2,PvP01_MIT_v2,2930,3141,MIT_Species2,/rhSeq-f/CAT CGC AGC CTT GCA ATA AAT TAA TrAT TAT /GT1/,/rhSeq-r/CAG TCG AGT TCC TTT AAT GTA GTT TCrC TCA C/GT4/
PvP01_03_v2_536620_536711_50287,PvP01_03_v2,536620,536711,50287,/rhSeq-f/TCC CTG CTG AAG GAC TCrC GAG C/GT1/,/rhSeq-r/ACT CAC CGN CAA CGT TrGG GCG /GT3/
PvP01_MIT_v2_1370_1563_MIT_Species1,PvP01_MIT_v2,1370,1563,MIT_Species1,/rhSeq-f/CAG CCA ACA CCA TCC AAT TTrG ATT G/GT2/,/rhSeq-r/GGT TAA GAA CGT CTT GAG GCA rGTT TG/GT1/
PvP01_02_v2_213958_214133_24710,PvP01_02_v2,213958,214133,24710,/rhSeq-f/ACC TGG AAT GCT CCA AAA ATT rCCT TG/GT1/,/rhSeq-r/GGT AGT GTA CAG GGA AAT CAC rCCC GA/GT1/
PvP01_10_v2_848868_848916_259053,PvP01_10_v2,848868,848916,259053,/rhSeq-f/GTA AAA CTG TTT GAT ATC CCC GTT rGGT TA/GT4/,/rhSeq-r/CTT GGA AAG ACA ACA AGA AAC ArCG GAG /GT2/
PvP01_08_v2_1403792_1403883_190188,PvP01_08_v2,1403792,1403883,190188,/rhSeq-f/CAC GAA TAC ATG CAT GTG TGT rGCG CA/GT1/,/rhSeq-r/TCG TCG TCG TTA TGT ATG CTG rCAG TC/GT2/
PvP01_05_v2_170476_170547_81132,PvP01_05_v2,170476,170547,81132,/rhSeq-f/TGA ATC CTC CGA AAA CGA TTC rCTC AG/GT3/,/rhSeq-r/GCA GTC TGA AGA TTC TGA TGrA AGA A/GT3/
PvP01_08_v2_1018073_1018248_182475,PvP01_08_v2,1018073,1018248,182475,/rhSeq-f/CCT CGA GAA GGC CAT AGT GrAG CAT /GT3/,/rhSeq-r/GAG AGG GTC ACC GGG TrCT AAG /GT3/
PvP01_12_v2_1880553_1880581_353283,PvP01_12_v2,1880553,1880581,353283,/rhSeq-f/GCT TGG TTT TCT GCA CCA GrGT CAT /GT3/,/rhSeq-r/TTG GAC GCC TTC CTG AAG rGAC TC/GT3/
PvP01_06_v2_983157_983333_127882,PvP01_06_v2,983157,983333,127882,/rhSeq-f/GGA TAT GGA AGG CAN CGG ATrA TTC C/GT4/,/rhSeq-r/TAA TCC CTT CCC CAT TCT CGrA ATC C/GT4/
PvP01_13_v2_754813_754885_394419,PvP01_13_v2,754813,754885,394419,/rhSeq-f/GAA GTG TTA AAA TTA ACT GGA GCA ArAT ATG /GT4/,/rhSeq-r/GCA CAT CAT TGT AAT CCT GGA TrGA AGG /GT4/
PvP01_14_v2_675630_675699_434704,PvP01_14_v2,675630,675699,434704,/rhSeq-f/AAC GAC ATC CTC AAT TGG AAA rCAG GG/GT2/,/rhSeq-r/GTC CCA AAC TTT CAA GCT GTrA AAA G/GT1/
PvP01_14_v2_1887637_1887677_458944,PvP01_14_v2,1887637,1887677,458944,/rhSeq-f/GTT AGA GAG TGG CAT GGA TGT rGAA TT/GT1/,/rhSeq-r/AAT ACC CGA GCA TCC TAA ACA rGAT CA/GT4/
PvP01_13_v2_1865343_1865483_416631,PvP01_13_v2,1865343,1865483,416631,/rhSeq-f/TTT CCG TGG CTN AGT GGrC GAC T/GT1/,/rhSeq-r/AGG TGT CAG CGC TAG CrGG CAG /GT1/
PvP01_06_v2_531256_531393_118844,PvP01_06_v2,531256,531393,118844,/rhSeq-f/AGT CCT GCT CTC AGG GrGT CCT /GT4/,/rhSeq-r/AGG ATG CTC ACC AGG CrGG ACA /GT2/
PvP01_01_v2_772093_772211_15441,PvP01_01_v2,772093,772211,15441,/rhSeq-f/TCC GAA CCA TCG CTG TTA rCCA CT/GT2/,/rhSeq-r/CTG CCC CTT TCT CCA GAG rCAG TA/GT2/
PvP01_11_v2_607788_607927_285205,PvP01_11_v2,607788,607927,285205,/rhSeq-f/TAA CCA CCA CTG TGT TAT CCA TAT rCTG TT/GT1/,/rhSeq-r/TTA ATA AAG ACA CNA ATG TAG ATT TGA ACrA ACA T/GT3/
PvP01_01_v2_395355_395521_7907,PvP01_01_v2,395355,395521,7907,/rhSeq-f/ACN CCC CAA ATG TGA ATA ArCT TCC /GT4/,/rhSeq-r/ACG TGG CTA CTA CCC CArG TGG T/GT3/
PvP01_14_v2_1206462_1206642_445323,PvP01_14_v2,1206462,1206642,445323,/rhSeq-f/CTT ATT GTG CAG GGA AAA CCA rCAA AT/GT4/,/rhSeq-r/TCA GGG AGC TAA ACG ATT ACA rGCA AC/GT1/
PvP01_14_v2_2022558_2022663_461645,PvP01_14_v2,2022558,2022663,461645,/rhSeq-f/TCC CTT TTC TAT GAG GCT AAC TArG CTC T/GT3/,/rhSeq-r/GGC AAC GAA CTC ATC CAA TTA GrGA AAC /GT2/
PvP01_12_v2_1291327_1291407_341498,PvP01_12_v2,1291327,1291407,341498,/rhSeq-f/CTT TAT GTT GGA GAC TGA TTT GTT rCGC CT/GT1/,/rhSeq-r/GTG CTA ATC GAG AAG ATC CTA ACrG AAC G/GT3/
PvP01_13_v2_293615_293708_385196,PvP01_13_v2,293615,293708,385196,/rhSeq-f/AAC TGT CTC AGG TAA TTG CCrC CCT C/GT3/,/rhSeq-r/AGT TGG AAA GGA GAC AGA AAA ATrA TGG C/GT4/
PvP01_12_v2_1457399_1457514_344819,PvP01_12_v2,1457399,1457514,344819,/rhSeq-f/GAG AAT AAA ATA CCC CTT CAA ATG GArG GAA G/GT1/,/rhSeq-r/CAT ATG TCA ATG TGA TTA CTT CTT GGT rGAA GC/GT4/
PvP01_10_v2_479907_479908_MDR1_F1076L,PvP01_10_v2,479907,479908,MDR1_F1076L,/rhSeq-f/TTT AGG GAC ATC AAC TTC CCG rGCG TA/GT2/,/rhSeq-r/AGA CGC TAA TAA ATT CGA TGC TrCT GGG /GT2/
PvP01_09_v2_1459600_1459729_226528,PvP01_09_v2,1459600,1459729,226528,/rhSeq-f/GTC CTG TTT TTG GAA AGG GTrA TNG T/GT3/,/rhSeq-r/CAA AGC TAG CTG CGT GGrG TTC T/GT2/
PvP01_14_v2_1763089_1763164_456454,PvP01_14_v2,1763089,1763164,456454,/rhSeq-f/CGC ATG CAA AAG GAA AAT TAA ATG TTrC ACT C/GT3/,/rhSeq-r/ACA AGA GTT ACA CTA TTC GCT TTT rGCG CT/GT3/
PvP01_14_v2_2189680_2189767_464987,PvP01_14_v2,2189680,2189767,464987,/rhSeq-f/CCT GCA GTT TGC CTT TTT GrCA CAT /GT3/,/rhSeq-r/AGA ACC TCC ACG CAG TAC rCTG TT/GT1/
PvP01_05_v2_722013_722089_92164,PvP01_05_v2,722013,722089,92164,/rhSeq-f/GAC GAG CAA ATT TAA GAA GCT CTC rGTA GC/GT1/,/rhSeq-r/CTG CCA CAT CCT AAA TCA CAT ACT TrCA TAA /GT4/
PvP01_14_v2_1270400_1270401_DHPS_A553G,PvP01_14_v2,1270400,1270401,DHPS_A553G,/rhSeq-f/CTG CAA CAG CTT AAT AGA CTG rGTC GT/GT2/,/rhSeq-r/AGC GTC GTT TTA ATG CAC AArG AGG G/GT2/
PvP01_06_v2_272690_272815_113672,PvP01_06_v2,272690,272815,113672,/rhSeq-f/TTA GAA GTC AAT GCG ACG CrCA GAT /GT1/,/rhSeq-r/TCT GAA TGA CCT TCC GGA rGCT GG/GT2/
PvP01_11_v2_1742120_1742207_307891,PvP01_11_v2,1742120,1742207,307891,/rhSeq-f/GTT GTT AAC TCG TAA GCT GTT GArG GAA G/GT3/,/rhSeq-r/AGG CGA ATA ACC CAC GTA AGrG ACA A/GT3/
PvP01_10_v2_1097783_1097940_264031,PvP01_10_v2,1097783,1097940,264031,/rhSeq-f/GAT GAA TTC ATC CGT TTG GCrG ATG G/GT4/,/rhSeq-r/TGN AAA AGC TAA ACA TCC TAA ACrG AGC T/GT3/
PvP01_06_v2_153460_153574_111288,PvP01_06_v2,153460,153574,111288,/rhSeq-f/CAA TTT TGC GAG GGC TAT TCrC GCA C/GT1/,/rhSeq-r/TCA CAT GAA GTG TGC AGT TrGC TGG /GT2/
PvP01_08_v2_822406_822480_178560,PvP01_08_v2,822406,822480,178560,/rhSeq-f/AAA CCG AAC GTT TTA AAT GGG rCAC GT/GT2/,/rhSeq-r/GAC AGA ACC CAC TCG TAT ATC rCCA TT/GT2/
PvP01_12_v2_2724027_2724063_370151,PvP01_12_v2,2724027,2724063,370151,/rhSeq-f/TCA CTC CTT TGC TCA GTC rCTG TT/GT4/,/rhSeq-r/GAC GAA ACG GAT AAA TTG CTA CArC TAC T/GT4/
PvP01_14_v2_462743_462837_430447,PvP01_14_v2,462743,462837,430447,/rhSeq-f/CAG GCT CAT TGG AAT GGT TGrC TAC T/GT2/,/rhSeq-r/AAT ACA GAA GTG TAC CAA GCC rGTA GC/GT1/
PvP01_05_v2_490198_490244_87526,PvP01_05_v2,490198,490244,87526,/rhSeq-f/CCC TCA TCA ATC ACT TCT TCC TArC AGA A/GT2/,/rhSeq-r/CTT TTG CGC AAA TAA ATC CAA GTrG AAA C/GT4/
PvP01_13_v2_167460_167596_382674,PvP01_13_v2,167460,167596,382674,/rhSeq-f/TGG ACG GCG ACA TCT GTrG AAC T/GT1/,/rhSeq-r/CGG AGC TGT TTA GCA GGT rCAT TC/GT2/
PvP01_12_v2_995697_995758_335584,PvP01_12_v2,995697,995758,335584,/rhSeq-f/CAT ATG TGT TTG AAC GAT TCT TAC GTrA TGT T/GT1/,/rhSeq-r/TGG AAA AGC GAT TCA TAA TTT TTA GAG rCAA CG/GT1/
PvP01_10_v2_725009_725169_256576,PvP01_10_v2,725009,725169,256576,/rhSeq-f/GCT GTT GAT ATC AAA TGT GCT rCGT CC/GT4/,/rhSeq-r/AAG AAG AGC AAG AAG GAG TTrC ACC C/GT4/
PvP01_04_v2_853861_853944_74562,PvP01_04_v2,853861,853944,74562,/rhSeq-f/CTG CNC AGT TTG ATC AGT CrCA CCC /GT1/,/rhSeq-r/CTT CAT TAT TTC GAA TGG CTT TCT rGGA AG/GT1/
PvP01_13_v2_1985698_1985814_419038,PvP01_13_v2,1985698,1985814,419038,/rhSeq-f/AAG AAA CTG CTA TAC TGT TTG CrCT ACG /GT4/,/rhSeq-r/ATC CAT TGA ATA ACC CGC TTT rGCA CT/GT3/
PvP01_09_v2_1864594_1864642_234628,PvP01_09_v2,1864594,1864642,234628,/rhSeq-f/CAT CAT CAC ATA TGC TAT CAT TGT rCTG CC/GT4/,/rhSeq-r/ACA AGT ACA AAA CGA TGA GCA AAA rGTG GA/GT2/
PvP01_03_v2_252061_252170_44595,PvP01_03_v2,252061,252170,44595,/rhSeq-f/TTC GAT TTG GAA TCC CCT TrCT GCN /GT4/,/rhSeq-r/CAA GAA AAC CCC ACC TTT GrCA CAA /GT1/
PvP01_11_v2_916515_916676_291380,PvP01_11_v2,916515,916676,291380,/rhSeq-f/GCA CTN TCT GAT AGC ATG TrGG TCT /GT4/,/rhSeq-r/GAG ACC CAT CCA CAT CTG rCGA AT/GT4/
PvP01_10_v2_1408100_1408170_270238,PvP01_10_v2,1408100,1408170,270238,/rhSeq-f/GCA AAA TGA TGA GTA TTC CAT GAT TTT rCTG TG/GT1/,/rhSeq-r/GTA AAA AGG ATG CTC ATT TTG CTrG CAG G/GT1/
PvP01_12_v2_532970_533101_326331,PvP01_12_v2,532970,533101,326331,/rhSeq-f/GAA ACG AAA TAT GCC GAC ATC TrAT TCT /GT1/,/rhSeq-r/TTG CAA AAA GCC GAA GGT TTT rCAC CA/GT2/
PvP01_14_v2_2861965_2862134_478433,PvP01_14_v2,2861965,2862134,478433,/rhSeq-f/AAC TTA TTG AGG ATG TTA TGG AAG rAGN GA/GT4/,/rhSeq-r/CTT ACT GCA CCC AGA CAA TAA GrGA CTT /GT2/
PvP01_08_v2_1157514_1157634_185264,PvP01_08_v2,1157514,1157634,185264,/rhSeq-f/AGA GGC TCC TAA AAG TGC TTrG TTA A/GT1/,/rhSeq-r/GTG GGT ACT CCT CAA GTG TTT rAAT AT/GT1/
PvP01_11_v2_177898_177971_276606,PvP01_11_v2,177898,177971,276606,/rhSeq-f/GGT TTT CAC TCC CTC CAC TrCA TTT /GT1/,/rhSeq-r/GGC ACT CTT TTG AGT AGC AGrC TTG A/GT3/
PvP01_12_v2_2108485_2108611_357841,PvP01_12_v2,2108485,2108611,357841,/rhSeq-f/TGA TGG TCT TTA CAC ACT CGT rATA GG/GT4/,/rhSeq-r/AAC CCG ATG ATG CCA TAG AArG GTG T/GT1/
PvP01_05_v2_1352101_1352165_104765,PvP01_05_v2,1352101,1352165,104765,/rhSeq-f/GGT TCG ACA TTA TGA GTA GAC ACrG TTT G/GT4/,/rhSeq-r/CGT TGA CCT TTT GGG AAA CAT ArCA CAT /GT1/
PvP01_14_v2_3009930_3010081_481392,PvP01_14_v2,3009930,3010081,481392,/rhSeq-f/GCG ATA TCA CTT TTT AAG TCA TCG rAAT GA/GT4/,/rhSeq-r/TAA GCC ACT AGN GTA TGA TGA CGrA ATT T/GT3/
PvP01_07_v2_78143_78172_130632,PvP01_07_v2,78143,78172,130632,/rhSeq-f/GTT CTT TTA AAT AAT GCA CCT TTT TCG rCCA TC/GT1/,/rhSeq-r/GAA AAC CAA AAT AGA TGA AAG TTT ACA AArC AGT G/GT2/
PvP01_11_v2_2001515_2001699_313080,PvP01_11_v2,2001515,2001699,313080,/rhSeq-f/GCN CTT CAT GTT TAC AGT GTrA AGC A/GT3/,/rhSeq-r/TCA TTC GCC TCG ATG GAA rGAC AC/GT2/
PvP01_14_v2_2699925_2700045_475191,PvP01_14_v2,2699925,2700045,475191,/rhSeq-f/AAA ACG GTG CTC TTG TCG rGTG GT/GT4/,/rhSeq-r/GAA AAA GTG GGC CCG GTrG GAA A/GT2/
PvP01_14_v2_2261604_2261794_466426,PvP01_14_v2,2261604,2261794,466426,/rhSeq-f/ACT ATC TAA CGA GTA GCA GCrA GCG G/GT1/,/rhSeq-r/CGT TGT TNA GAG GTC CTC TrCT GGA /GT2/
PvP01_09_v2_1688611_1688696_231108,PvP01_09_v2,1688611,1688696,231108,/rhSeq-f/AGC AAG GAC AAG ATG AGG ATrG AAC A/GT4/,/rhSeq-r/GCA TTT AAG GAC ATG CAA CTG rGAA TC/GT4/
PvP01_11_v2_1572690_1572840_304503,PvP01_11_v2,1572690,1572840,304503,/rhSeq-f/GCC GCT CTA CAA GGG ArGA AGT /GT2/,/rhSeq-r/CCT TGC GCC TGA AGT TAT rCGT AC/GT1/
PvP01_07_v2_832233_832371_145716,PvP01_07_v2,832233,832371,145716,/rhSeq-f/TAC ACC CNT TCG TTT AGC CrAT TTG /GT4/,/rhSeq-r/TGA TGT AAT CCC CTG CAC AGrC TCT G/GT4/
PvP01_12_v2_1945902_1946055_354590,PvP01_12_v2,1945902,1946055,354590,/rhSeq-f/TGT ATN CTC CAT TTG GGA GTrC CAC C/GT1/,/rhSeq-r/CCA GAT GAG CAA CCC AArC GGA A/GT2/
PvP01_14_v2_1270910_1270911_DHPS_A383G,PvP01_14_v2,1270910,1270911,DHPS_A383G,/rhSeq-f/AAC CTC ACA CTC CAA CTT ATG rCCA CT/GT3/,/rhSeq-r/CTT TTC AGA TGG CGG TTT ATT TrGT CGA /GT1/
PvP01_10_v2_480206_480207_MDR1_Y976F,PvP01_10_v2,480206,480207,MDR1_Y976F,/rhSeq-f/TTC TTC TCT ACA TCC TTG TTG GrCT GCT /GT4/,/rhSeq-r/CTC ACT TTA TAG TGC TCT TCC TTrG TGA G/GT1/
PvP01_11_v2_1423369_1423519_301517,PvP01_11_v2,1423369,1423519,301517,/rhSeq-f/CAA AGT TGT AAA AGN GAT CTG CTC ArAA TTT /GT3/,/rhSeq-r/CAA GCC TGA CTG TTC AGA AAA ArAT TTC /GT1/
PvP01_03_v2_763605_763660_54827,PvP01_03_v2,763605,763660,54827,/rhSeq-f/CTC CTG GCA TGG ACC CrCA CCT /GT3/,/rhSeq-r/TAN AGC AGG CGG TAG AGrC TTC C/GT1/
PvP01_03_v2_178937_179094_43133,PvP01_03_v2,178937,179094,43133,/rhSeq-f/TGG CAT AGC TGC GAA GTT rATT CA/GT3/,/rhSeq-r/NTC CAC GTG GCT GTA TrAG GGG /GT2/
PvP01_02_v2_327552_327739_26982,PvP01_02_v2,327552,327739,26982,/rhSeq-f/TTC GCA ACA AGA GGA GCA AArC ATA G/GT2/,/rhSeq-r/CCG TCA AAT GGT AAA GCG TrGA AGN /GT4/
PvP01_09_v2_448574_448630_206308,PvP01_09_v2,448574,448630,206308,/rhSeq-f/CCA GCT GTT TAT TTT CAA TCA AGT rGGT GA/GT1/,/rhSeq-r/CAC GAG AAA AGA AAA CGA AAT TGA rAAG CT/GT4/
PvP01_12_v2_2465991_2466085_364991,PvP01_12_v2,2465991,2466085,364991,/rhSeq-f/CCA TAT TTA TAT CTT CAT CAT CGC TTT TrCT TCC /GT3/,/rhSeq-r/ATT ATA AAT TCA GAC TCA TCT TAT TCA TCrC NAT G/GT4/
PvP01_07_v2_1427121_1427291_157614,PvP01_07_v2,1427121,1427291,157614,/rhSeq-f/GGT AGT CGC AAA GAA CAC TrCA NGT /GT1/,/rhSeq-r/CAG GAA ATT TGG AAA CGC CArG TAT G/GT3/
PvP01_14_v2_56852_57021_422331,PvP01_14_v2,56852,57021,422331,/rhSeq-f/CAA TAA ATC GAC CAA GNT TCT TTC CArG AAT A/GT4/,/rhSeq-r/TGC ATT TAT CTA TTA TGG TAG CAT AAT GGrA TAA T/GT4/
PvP01_05_v2_1125680_1125748_100236,PvP01_05_v2,1125680,1125748,100236,/rhSeq-f/CCA CGC AGA GTG CTT TTrC CAT C/GT1/,/rhSeq-r/CTT GTC TCA CCG CTG CrCC TCA /GT3/
PvP01_13_v2_485702_485833_389038,PvP01_13_v2,485702,485833,389038,/rhSeq-f/GTG GGA TGG TCT CTA CTT ATrG TGA C/GT3/,/rhSeq-r/CAA TAA CAG CTC CTT CAA CTT rCGA GA/GT4/
PvP01_08_v2_168547_168665_165484,PvP01_08_v2,168547,168665,165484,/rhSeq-f/TGT TCC TCA CTT CTG AGA GTrA GAA G/GT3/,/rhSeq-r/GAC CAA GTG ACG AAG CArC TAC A/GT4/
PvP01_07_v2_1123202_1123330_151535,PvP01_07_v2,1123202,1123330,151535,/rhSeq-f/CGA GAT GTA AAC GAA GGT GArA AGG G/GT2/,/rhSeq-r/AGA CTC ACC AGA TTG ACC ArGA CTC /GT4/
